{"accuracy": [0.44538432359695435, 0.710187554359436, 0.8672305941581726, 0.9326958656311035, 0.8098565936088562, 0.9444648623466492], "loss": [63.76340103149414, 0.8071503639221191, 0.3928923010826111, 0.2408071756362915, 0.5750822424888611, 0.18858236074447632], "val_accuracy": [0.663847029209137, 0.9014343619346619, 0.9301213622093201, 0.9602795243263245, 0.948878288269043, 0.985288679599762], "val_loss": [1.1049046516418457, 0.39764735102653503, 0.23225374519824982, 0.13180062174797058, 0.2514888346195221, 0.05804450809955597]}