{"accuracy": [0.4056638479232788, 0.6745126843452454, 0.8006619811058044, 0.8955498337745667, 0.9694740772247314, 0.9860242605209351], "loss": [61.566810607910156, 0.9097350239753723, 0.6170517206192017, 0.36199241876602173, 0.12501250207424164, 0.052461136132478714], "val_accuracy": [0.701360821723938, 0.7767561674118042, 0.910996675491333, 0.9595439434051514, 0.9827142357826233, 0.9937477111816406], "val_loss": [0.9057083129882812, 0.8613724708557129, 0.3964811861515045, 0.21573205292224884, 0.06428801268339157, 0.03502759709954262]}