{"accuracy": [0.5189114212989807, 0.7117158770561218, 0.8099631071090698, 0.8081181049346924, 0.85747230052948], "loss": [110.66139221191406, 0.8134520649909973, 0.5526016354560852, 0.552496075630188, 0.42955681681632996], "val_accuracy": [0.6897163391113281, 0.8156028389930725, 0.8732269406318665, 0.870124101638794, 0.9188829660415649], "val_loss": [0.8226573467254639, 0.4840860068798065, 0.4345831573009491, 0.3925778269767761, 0.27604997158050537]}